-- phpMyAdmin SQL Dump
-- version 5.2.1
-- https://www.phpmyadmin.net/
--
-- Host: 127.0.0.1
-- Generation Time: Sep 05, 2024 at 01:22 PM
-- Server version: 10.4.32-MariaDB
-- PHP Version: 8.2.12

SET SQL_MODE = "NO_AUTO_VALUE_ON_ZERO";
START TRANSACTION;
SET time_zone = "+00:00";


/*!40101 SET @OLD_CHARACTER_SET_CLIENT=@@CHARACTER_SET_CLIENT */;
/*!40101 SET @OLD_CHARACTER_SET_RESULTS=@@CHARACTER_SET_RESULTS */;
/*!40101 SET @OLD_COLLATION_CONNECTION=@@COLLATION_CONNECTION */;
/*!40101 SET NAMES utf8mb4 */;

--
-- Database: `ecommerceweb`
--

-- --------------------------------------------------------

--
-- Table structure for table `tbl_color`
--

CREATE TABLE `tbl_color` (
  `color_id` int(11) NOT NULL,
  `color_name` varchar(255) NOT NULL
) ENGINE=InnoDB DEFAULT CHARSET=latin1 COLLATE=latin1_swedish_ci;

--
-- Dumping data for table `tbl_color`
--

INSERT INTO `tbl_color` (`color_id`, `color_name`) VALUES
(1, 'Red'),
(2, 'Black'),
(3, 'Blue'),
(4, 'Yellow'),
(5, 'Green'),
(6, 'White'),
(7, 'Orange'),
(8, 'Brown'),
(9, 'Tan'),
(10, 'Pink'),
(11, 'Mixed'),
(12, 'Lightblue'),
(13, 'Violet'),
(14, 'Light Purple'),
(15, 'Salmon'),
(16, 'Gold'),
(17, 'Gray'),
(18, 'Ash'),
(19, 'Maroon'),
(20, 'Silver'),
(21, 'Dark Clay'),
(22, 'Cognac'),
(23, 'Coffee'),
(24, 'Charcoal'),
(25, 'Navy'),
(26, 'Fuchsia'),
(27, 'Olive'),
(28, 'Burgundy'),
(29, 'Midnight Blue');

-- --------------------------------------------------------

--
-- Table structure for table `tbl_language`
--

CREATE TABLE `tbl_language` (
  `lang_id` int(11) NOT NULL,
  `lang_name` varchar(255) NOT NULL,
  `lang_value` text NOT NULL
) ENGINE=MyISAM DEFAULT CHARSET=latin1 COLLATE=latin1_swedish_ci;

--
-- Dumping data for table `tbl_language`
--

INSERT INTO `tbl_language` (`lang_id`, `lang_name`, `lang_value`) VALUES
(1, 'Currency', 'N'),
(2, 'Search Product', 'Search Product'),
(3, 'Search', 'Search'),
(4, 'Submit', 'Submit'),
(5, 'Update', 'Update'),
(6, 'Read More', 'Read More'),
(7, 'Serial', 'Serial'),
(8, 'Photo', 'Photo'),
(9, 'Login', 'Login'),
(10, 'Customer Login', 'Customer Login'),
(11, 'Click here to login', 'Click here to login'),
(12, 'Back to Login Page', 'Back to Login Page'),
(13, 'Logged in as', 'Logged in as'),
(14, 'Logout', 'Logout'),
(15, 'Register', 'Register'),
(16, 'Customer Registration', 'Customer Registration'),
(17, 'Registration Successful', 'Registration Successful'),
(18, 'Cart', 'Cart'),
(19, 'View Cart', 'View Cart'),
(20, 'Update Cart', 'Update Cart'),
(21, 'Back to Cart', 'Back to Cart'),
(22, 'Checkout', 'Checkout'),
(23, 'Proceed to Checkout', 'Proceed to Checkout'),
(24, 'Orders', 'Orders'),
(25, 'Order History', 'Order History'),
(26, 'Order Details', 'Order Details'),
(27, 'Payment Date and Time', 'Payment Date and Time'),
(28, 'Transaction ID', 'Transaction ID'),
(29, 'Paid Amount', 'Paid Amount'),
(30, 'Payment Status', 'Payment Status'),
(31, 'Payment Method', 'Payment Method'),
(32, 'Payment ID', 'Payment ID'),
(33, 'Payment Section', 'Payment Section'),
(34, 'Select Payment Method', 'Select Payment Method'),
(35, 'Select a Method', 'Select a Method'),
(36, 'PayPal', 'PayPal'),
(37, 'Stripe', 'Stripe'),
(38, 'Bank Deposit', 'Bank Deposit'),
(39, 'Card Number', 'Card Number'),
(40, 'CVV', 'CVV'),
(41, 'Month', 'Month'),
(42, 'Year', 'Year'),
(43, 'Send to this Details', 'Send to this Details'),
(44, 'Transaction Information', 'Transaction Information'),
(45, 'Include transaction id and other information correctly', 'Include transaction id and other information correctly'),
(46, 'Pay Now', 'Pay Now'),
(47, 'Product Name', 'Product Name'),
(48, 'Product Details', 'Product Details'),
(49, 'Categories', 'Categories'),
(50, 'Category:', 'Category:'),
(51, 'All Products Under', 'All Products Under'),
(52, 'Select Size', 'Select Size'),
(53, 'Select Color', 'Select Color'),
(54, 'Product Price', 'Product Price'),
(55, 'Quantity', 'Quantity'),
(56, 'Out of Stock', 'Out of Stock'),
(59, 'Product Description', 'Product Description'),
(60, 'Features', 'Features'),
(61, 'Conditions', 'Conditions'),
(62, 'Return Policy', 'Return Policy'),
(63, 'Reviews', 'Reviews'),
(64, 'Review', 'Review'),
(65, 'Give a Review', 'Give a Review'),
(66, 'Write your comment (Optional)', 'Write your comment (Optional)'),
(67, 'Submit Review', 'Submit Review'),
(68, 'You already have given a rating!', 'You already have given a rating!'),
(69, 'You must have to login to give a review', 'You must have to login to give a review'),
(70, 'No description found', 'No description found'),
(71, 'No feature found', 'No feature found'),
(72, 'No condition found', 'No condition found'),
(73, 'No return policy found', 'No return policy found'),
(74, 'Review not found', 'Review not found'),
(75, 'Customer Name', 'Customer Name'),
(76, 'Comment', 'Comment'),
(77, 'Comments', 'Comments'),
(78, 'Rating', 'Rating'),
(79, 'Previous', 'Previous'),
(80, 'Next', 'Next'),
(81, 'Sub Total', 'Sub Total'),
(82, 'Total', 'Total'),
(83, 'Action', 'Action'),
(84, 'Shipping Cost', 'Shipping Cost'),
(85, 'Continue Shopping', 'Continue Shopping'),
(86, 'Update Billing Address', 'Update Billing Address'),
(87, 'Update Shipping Address', 'Update Shipping Address'),
(88, 'Update Billing and Shipping Info', 'Update Billing and Shipping Info'),
(89, 'Dashboard', 'Dashboard'),
(90, 'Welcome to the Dashboard', 'Welcome to the Dashboard'),
(91, 'Back to Dashboard', 'Back to Dashboard'),
(92, 'Subscribe', 'Subscribe'),
(93, 'Subscribe To Our Newsletter', 'Subscribe To Our Newsletter'),
(94, 'Email Address', 'Email Address'),
(95, 'Enter Your Email Address', 'Enter Your Email Address'),
(96, 'Password', 'Password'),
(97, 'Forget Password', 'Forget Password'),
(98, 'Retype Password', 'Retype Password'),
(99, 'Update Password', 'Update Password'),
(100, 'New Password', 'New Password'),
(101, 'Retype New Password', 'Retype New Password'),
(102, 'Full Name', 'Full Name'),
(103, 'Company Name', 'Company Name'),
(104, 'Phone Number', 'Phone Number'),
(105, 'Address', 'Address'),
(106, 'Country', 'Country'),
(107, 'City', 'City'),
(108, 'State', 'State'),
(109, 'Zip Code', 'Zip Code'),
(110, 'About Us', 'About Us'),
(111, 'Featured Posts', 'Featured Posts'),
(112, 'Popular Posts', 'Popular Posts'),
(113, 'Recent Posts', 'Recent Posts'),
(114, 'Contact Information', 'Contact Information'),
(115, 'Contact Form', 'Contact Form'),
(116, 'Our Office', 'Our Office'),
(117, 'Update Profile', 'Update Profile'),
(118, 'Send Message', 'Send Message'),
(119, 'Message', 'Message'),
(120, 'Find Us On The Map', 'Find Us On The Map'),
(121, 'Congratulations! Your payment has been successful.', 'Congratulations! Your payment has been successful.'),
(122, 'Billing and Shipping Information has been updated successfully.', 'Billing and Shipping Information has been updated successfully.'),
(123, 'Customer Name can not be empty.', 'Customer Name can not be empty.'),
(124, 'Phone Number can not be empty.', 'Phone Number can not be empty.'),
(125, 'Address can not be empty.', 'Address can not be empty.'),
(126, 'You have to select a country.', 'You have to select a country.'),
(127, 'City can not be empty.', 'City can not be empty.'),
(128, 'State can not be empty.', 'State can not be empty.'),
(130, 'Profile Information has been updated successfully.', 'Profile Information has been updated successfully.'),
(131, 'Email Address can not be empty', 'Email Address can not be empty'),
(132, 'Email and/or Password can not be empty.', 'Email and/or Password can not be empty.'),
(133, 'Email Address does not match.', 'Email Address does not match.'),
(134, 'Email address must be valid.', 'Email address must be valid.'),
(135, 'Email address is not registered.', 'Email address is not registered.'),
(136, 'Please check your email and confirm your subscription.', 'Please check your email and confirm your subscription.'),
(137, 'Your email has been verified successfully. You can now login.', 'Your email has been verified successfully. You can now login.'),
(138, 'Password can not be empty.', 'Password can not be empty.'),
(139, 'Passwords do not match.', 'Passwords do not match.'),
(140, 'Please enter new and retype passwords.', 'Please enter new and retype passwords.'),
(141, 'Password has been updated successfully.', 'Password has been updated successfully.'),
(142, 'To reset your password, please click on the link below.', 'To reset your password, please click on the link below.'),
(143, 'PASSWORD RESET REQUEST - TATSONLINESTORE.COM', 'PASSWORD RESET REQUEST - TATSONLINESTORE.COM'),
(144, 'The password reset email time (24 hours) has expired. Please try again to reset your password.', 'The password reset email time (24 hours) has expired. Please try again to reset your password.'),
(145, 'A confirmation link has been sent to your email address. You will get the password reset information in there.', 'A confirmation link has been sent to your email address. You will get the password reset information in there.'),
(146, 'Password has been reset successfully. You can now login.', 'Password has been reset successfully. You can now login.'),
(147, 'Email Address Already Exists', 'Email Address Already Exists.'),
(148, 'Sorry! Your account is inactive and needs to be reactivated. Please contact us to reactivate.', 'Sorry! Your account is inactive and needs to be reactivated. Please contact us to reactivate.'),
(149, 'Change Password', 'Change Password'),
(150, 'Registration Email Confirmation for TATS', 'Registration Email Confirmation for TATS.'),
(151, 'Thank you for registering! Your account has been created. To activate your account, click on the link below:', 'Thank you for registering! Your account has been created. To activate your account, click on the link below:'),
(152, 'Your registration has been completed. Please check your email address to follow the process to confirm your registration.', 'Your registration has been completed. Please check your email address to follow the process to confirm your registration.'),
(153, 'No Product Found', 'No Product Found'),
(154, 'Place Order through KingsChat', 'Place Order through KingsChat'),
(155, 'Place Order through Whatsapp', 'Place Order through Whatsapp'),
(157, 'Size', 'Size'),
(158, 'Color', 'Color'),
(159, 'Price', 'Price'),
(160, 'Please login to checkout', 'Please login to checkout'),
(161, 'Billing Address', 'Billing Address'),
(162, 'Shipping Address', 'Shipping Address'),
(163, 'Rating has been submitted Successfully!', 'Rating has been submitted Successfully!'),
(164, 'Confirm Payment', 'Confirm Payment'),
(165, 'Send Proof of Payment', 'Send Proof of Payment');

-- --------------------------------------------------------

--
-- Table structure for table `tbl_photo`
--

CREATE TABLE `tbl_photo` (
  `id` int(11) NOT NULL,
  `caption` varchar(255) NOT NULL,
  `photo` varchar(255) NOT NULL
) ENGINE=InnoDB DEFAULT CHARSET=latin1 COLLATE=latin1_swedish_ci;

--
-- Dumping data for table `tbl_photo`
--

INSERT INTO `tbl_photo` (`id`, `caption`, `photo`) VALUES
(1, 'Photo 1', 'photo-1.jpg'),
(2, 'Photo 2', 'photo-2.jpg'),
(3, 'Photo 3', 'photo-3.jpg'),
(4, 'Photo 4', 'photo-4.jpg'),
(5, 'Photo 5', 'photo-5.jpg'),
(6, 'Photo 6', 'photo-6.jpg');

-- --------------------------------------------------------

--
-- Table structure for table `tbl_product`
--

CREATE TABLE `tbl_product` (
  `p_id` int(11) NOT NULL,
  `p_name` varchar(255) NOT NULL,
  `p_current_price` varchar(10) NOT NULL,
  `p_qty` int(10) NOT NULL,
  `p_featured_photo` varchar(255) NOT NULL,
  `p_description` text NOT NULL,
  `p_short_description` text NOT NULL,
  `p_total_view` int(11) NOT NULL,
  `p_is_featured` int(1) NOT NULL,
  `p_is_active` int(1) NOT NULL,
  `ecat_id` int(11) NOT NULL
) ENGINE=InnoDB DEFAULT CHARSET=latin1 COLLATE=latin1_swedish_ci;

--
-- Dumping data for table `tbl_product`
--

INSERT INTO `tbl_product` (`p_id`, `p_name`, `p_current_price`, `p_qty`, `p_featured_photo`, `p_description`, `p_short_description`, `p_total_view`, `p_is_featured`, `p_is_active`, `ecat_id`) VALUES
(85, 'Injectors', '91', 32, 'product-featured-106.png', '<p><span style=\"color: white; font-family: \"Amazon Ember\", Arial, sans-serif; font-size: small;\">Quantity: 32 pieces available</p>', '', 7, 1, 1, 56),
(86, 'Burnt Chair Frames', '179', 32, 'product-featured-99.png', '<p style=\"color: white; padding: 0px; margin-top: 0px; text-rendering: optimizelegibility; margin-bottom: 0px !important; line-height: 32px !important;\">Burnt chair frames. Quantity: 3200 pieces</p>', '', 9, 1, 1, 51),
(88, '500mm electrical cable', '83', 59, 'product-featured-88.png', '<p><span style=\"color: white; font-family: \"Amazon Ember\", Arial, sans-serif; font-size: small;\">Electrical cable of various sizes are available. The various lengths include: <ul><li>150mm cable</li>\r\n<li>240mm cable</li>\r\n<li>300mm cable</li>\r\n<li>500mm cable</li></ul>\r\n</span><br></p>', '<p style=\"list-style: disc; overflow-wrap: break-word; margin: 0px;\"><span class=\"a-list-item\" style=\"overflow-wrap: break-word; display: block;\">Electrical cables of various sizes</span></p>', 8, 1, 1, 22),
(89, 'Windows with frames <br> (Aluminium Scraps)', '37', 110, 'product-featured-89.png', '<p><span style=\"color: white; font-family: \"Amazon Ember\", Arial, sans-serif; font-size: small;\">Various window frames available. They appear as seen in the pictures<br> Quantity available: 46</span><br></p>', '<p style=\"list-style: disc; overflow-wrap: break-word; margin: 0px;\"><span class=\"a-list-item\" style=\"overflow-wrap: break-word; display: block;\">Aluminum scraps consisting of window frames</span></p>', 4, 1, 1, 16),
(95, 'Rubble Frames', '279', 53, 'product-featured-125.png', '<p><span style=\"color: white; font-family: \"Amazon Ember\", Arial, sans-serif; font-size: small;\">Rubble frames. Quantity: 1400</p>', '', 13, 1, 1, 65),
(101, 'Gas Pipes', '70', 289, 'product-featured-114.png', '<h5 class=\"a-spacing-mini a-color-secondary\" style=\"padding: 0px; margin-top: 0px; margin-right: 0px; margin-left: 0px; font-weight: bold; font-size: 13px; line-height: 19px; font-family: \"Amazon Ember\", Arial, sans-serif; margin-bottom: 6px !important; color: white !important;\">Safe and Hygienic</h5><p class=\"a-spacing-base\" style=\"padding: 0px; color: rgb(15, 17, 17); font-family: \"Amazon Ember\", Arial, sans-serif; font-size: 14px; margin-bottom: 14px !important;\">Gas pipes available. Quantity:5 pieces</p>', '', 2, 1, 1, 71),
(115, '4-core Cables', '90', 100, 'product-featured-92.png', '<p style = \"color: white;\">Sizes available include: <ul><li>4mm cable (4-core)</li><li>6mm cable (4-core)</li></ul></p>', '<p style=\"color: white;\">4mm & 6mm 4-core cables</p>', 3, 1, 1, 23),
(117, 'Electricity Panels', '300', 100, 'product-featured-94.png', '<p style=\"color: white;\">Electricity Panels<br>Quantity available: 5 pieces</p>', '', 6, 1, 1, 28),
(120, 'Air Conditioners (Mounted ACs)', '250', 500, 'product-featured-95.png', '<p style=\"color: white;\">In good working conditions. Comes with the mounts; perfect for windows or walls</p>', '<p style=\"color: white;\">Mounted Air Conditioners</p>', 8, 1, 1, 31),
(123, 'Aluminum Scrap', '250', 1000, 'product-featured-122.png', '<p style=\"color: white;\">Various aluminum scraps available</p>', '', 6, 1, 1, 40),
(124, 'Sanitary fittings', '800', 60, 'product-featured-100.png', '<p style=\"color: white;\">Quality sanitary fittings in good conditions. Include: <ul><li>Complete WC (Seats & Water Tank)</li><li>Sanitary (Seat only)</li><li>Wash Hand Basin</li></ul></p>', '<p style=\"color: white;\">WCs, Wash-hand basins & more</p>', 9, 1, 1, 45),
(125, 'Door Fittings', '300', 40, 'product-featured-103.png', '<p style=\"color: white;\">Door fittings of various sizes</p>', '', 6, 1, 1, 9),
(126, 'Aluminum Vents', '350', 300, 'product-featured-105.png', '<p style=\"color: white;\">Aluminum vents. Quantity: 12 pieces</p>', '', 7, 1, 1, 47);

-- --------------------------------------------------------

--
-- Table structure for table `tbl_product_color`
--

CREATE TABLE `tbl_product_color` (
  `id` int(11) NOT NULL,
  `color_id` int(11) NOT NULL,
  `p_id` int(11) NOT NULL
) ENGINE=InnoDB DEFAULT CHARSET=latin1 COLLATE=latin1_swedish_ci;

--
-- Dumping data for table `tbl_product_color`
--

INSERT INTO `tbl_product_color` (`id`, `color_id`, `p_id`) VALUES
(69, 1, 4),
(70, 4, 4),
(77, 6, 6),
(82, 2, 12),
(83, 9, 13),
(84, 3, 14),
(85, 2, 15),
(86, 6, 15),
(87, 3, 16),
(88, 3, 17),
(89, 2, 18),
(90, 3, 19),
(91, 1, 20),
(92, 8, 21),
(93, 2, 22),
(94, 2, 23),
(95, 2, 25),
(96, 5, 26),
(97, 2, 27),
(98, 4, 27),
(99, 5, 28),
(100, 7, 29),
(101, 10, 30),
(102, 11, 31),
(103, 14, 32),
(105, 2, 34),
(106, 1, 35),
(107, 3, 36),
(109, 6, 38),
(110, 2, 39),
(111, 11, 42),
(149, 3, 10),
(150, 6, 9),
(151, 3, 8),
(152, 7, 7),
(159, 2, 77),
(163, 17, 79),
(164, 2, 78),
(167, 3, 80),
(168, 2, 81),
(172, 1, 82),
(173, 2, 82),
(174, 4, 82),
(195, 2, 84),
(201, 2, 86),
(202, 6, 86),
(203, 17, 86),
(222, 16, 93),
(223, 21, 85),
(224, 22, 85),
(225, 23, 85),
(226, 1, 83),
(227, 2, 83),
(228, 3, 83),
(229, 4, 83),
(230, 5, 83),
(231, 6, 83),
(232, 8, 83),
(233, 14, 83),
(234, 17, 83),
(235, 18, 83),
(236, 12, 89),
(237, 27, 91),
(239, 2, 92),
(240, 29, 92),
(241, 2, 88),
(242, 8, 88),
(243, 17, 88),
(244, 2, 90),
(245, 6, 90),
(246, 25, 90),
(247, 27, 90),
(248, 28, 90),
(251, 2, 95),
(252, 6, 95),
(253, 5, 96),
(254, 24, 96),
(256, 2, 94),
(257, 3, 87),
(258, 17, 87),
(261, 25, 97),
(262, 5, 98),
(263, 6, 99),
(264, 14, 100),
(266, 6, 101),
(267, 2, 102);

-- --------------------------------------------------------

--
-- Table structure for table `tbl_product_photo`
--

CREATE TABLE `tbl_product_photo` (
  `pp_id` int(11) NOT NULL,
  `photo` varchar(255) NOT NULL,
  `p_id` int(11) NOT NULL
) ENGINE=InnoDB DEFAULT CHARSET=latin1 COLLATE=latin1_swedish_ci;

--
-- Dumping data for table `tbl_product_photo`
--

INSERT INTO `tbl_product_photo` (`pp_id`, `photo`, `p_id`) VALUES
(106, '106.png', 88),
(107, '126.png', 126),
(108, '123.png', 123),
(109, '129.png', 123),
(110, '128.png', 95),
(111, '107.png', 101),
(114, '114.jpg', 87),
(115, '116.png', 115),
(120, '120.png', 120),
(121, '121.png', 120),
(122, '122.jpg', 92),
(123, '123.jpg', 92),
(124, '124.png', 124),
(125, '125.jpg', 94),
(126, '126.jpg', 95),
(127, '127.jpg', 96),
(128, '128.jpg', 97),
(129, '129.jpg', 98),
(130, '130.jpg', 98),
(131, '131.jpg', 100),
(132, '132.jpg', 102);

-- --------------------------------------------------------

--
-- Table structure for table `tbl_product_size`
--

CREATE TABLE `tbl_product_size` (
  `id` int(11) NOT NULL,
  `size_id` int(11) NOT NULL,
  `p_id` int(11) NOT NULL
) ENGINE=InnoDB DEFAULT CHARSET=latin1 COLLATE=latin1_swedish_ci;

--
-- Dumping data for table `tbl_product_size`
--

INSERT INTO `tbl_product_size` (`id`, `size_id`, `p_id`) VALUES
(44, 1, 6),
(56, 8, 12),
(57, 9, 12),
(58, 10, 12),
(59, 11, 12),
(60, 12, 12),
(61, 13, 12),
(62, 9, 13),
(63, 11, 13),
(64, 13, 13),
(65, 15, 13),
(66, 9, 14),
(67, 11, 14),
(68, 12, 14),
(69, 13, 14),
(70, 9, 15),
(71, 11, 15),
(72, 13, 15),
(73, 15, 16),
(74, 16, 16),
(75, 17, 16),
(76, 16, 17),
(77, 17, 17),
(78, 14, 18),
(79, 15, 18),
(80, 16, 18),
(81, 17, 18),
(82, 15, 19),
(83, 16, 19),
(84, 17, 19),
(85, 14, 20),
(86, 15, 20),
(87, 17, 20),
(88, 15, 21),
(89, 17, 21),
(90, 15, 22),
(91, 16, 22),
(92, 17, 22),
(93, 15, 23),
(94, 16, 23),
(95, 17, 23),
(96, 18, 25),
(97, 19, 25),
(98, 20, 25),
(99, 21, 25),
(100, 19, 26),
(101, 21, 26),
(102, 22, 26),
(103, 23, 26),
(104, 19, 27),
(105, 20, 27),
(106, 21, 27),
(107, 22, 27),
(108, 19, 28),
(109, 20, 28),
(110, 21, 28),
(111, 19, 29),
(112, 20, 29),
(113, 22, 29),
(114, 1, 30),
(115, 2, 30),
(116, 3, 30),
(117, 4, 30),
(118, 23, 31),
(119, 26, 32),
(123, 2, 34),
(124, 2, 35),
(125, 2, 36),
(126, 3, 36),
(129, 2, 38),
(130, 3, 38),
(131, 4, 38),
(132, 5, 38),
(133, 27, 39),
(134, 8, 42),
(210, 3, 10),
(211, 4, 10),
(212, 5, 10),
(213, 6, 10),
(214, 3, 9),
(215, 4, 9),
(216, 3, 8),
(217, 4, 8),
(218, 2, 7),
(219, 3, 7),
(220, 4, 7),
(249, 1, 79),
(250, 2, 79),
(251, 3, 79),
(252, 1, 78),
(253, 2, 78),
(254, 3, 78),
(255, 4, 78),
(256, 5, 78),
(259, 26, 80),
(262, 3, 82),
(263, 4, 82),
(278, 2, 84),
(279, 3, 84),
(280, 4, 84),
(281, 5, 84),
(282, 6, 84),
(305, 26, 86),
(339, 27, 93),
(340, 15, 85),
(341, 16, 85),
(342, 17, 85),
(343, 18, 85),
(344, 19, 85),
(345, 20, 85),
(346, 21, 85),
(347, 22, 85),
(348, 23, 85),
(349, 24, 85),
(350, 25, 85),
(351, 1, 83),
(352, 2, 83),
(353, 3, 83),
(354, 4, 83),
(355, 5, 83),
(356, 6, 83),
(357, 7, 83),
(358, 3, 89),
(359, 4, 89),
(360, 5, 89),
(361, 6, 89),
(362, 7, 89),
(363, 2, 91),
(364, 3, 91),
(365, 4, 91),
(366, 5, 91),
(367, 6, 91),
(369, 27, 92),
(370, 3, 88),
(371, 4, 88),
(372, 5, 88),
(373, 6, 88),
(374, 7, 88),
(375, 1, 90),
(376, 2, 90),
(377, 3, 90),
(378, 4, 90),
(380, 27, 95),
(381, 3, 96),
(382, 4, 96),
(383, 5, 96),
(384, 6, 96),
(385, 7, 96),
(398, 33, 94),
(399, 29, 87),
(400, 30, 87),
(401, 31, 87),
(402, 32, 87),
(403, 33, 87),
(404, 34, 87),
(405, 35, 87),
(406, 36, 87),
(407, 37, 87),
(408, 38, 87),
(409, 39, 87),
(418, 8, 97),
(419, 9, 97),
(420, 10, 97),
(421, 11, 97),
(422, 12, 97),
(423, 13, 97),
(424, 14, 97),
(425, 15, 97),
(426, 16, 97),
(427, 17, 97),
(428, 18, 97),
(429, 19, 97),
(430, 4, 98),
(431, 5, 98),
(432, 6, 98),
(433, 7, 98),
(434, 40, 99),
(435, 41, 99),
(436, 3, 100),
(437, 4, 100),
(438, 5, 100),
(439, 6, 100),
(441, 27, 101),
(442, 42, 102),
(443, 43, 102),
(444, 44, 102),
(445, 45, 102),
(446, 46, 102),
(447, 47, 102);

-- --------------------------------------------------------

--
-- Table structure for table `tbl_settings`
--

CREATE TABLE `tbl_settings` (
  `id` int(11) NOT NULL,
  `logo` varchar(255) NOT NULL,
  `favicon` varchar(255) NOT NULL,
  `footer_about` text NOT NULL,
  `footer_copyright` text NOT NULL,
  `contact_address` text NOT NULL,
  `contact_email` varchar(255) NOT NULL,
  `contact_phone` varchar(255) NOT NULL,
  `total_featured_product_home` int(11) NOT NULL,
  `total_latest_product_home` int(11) NOT NULL,
  `total_popular_product_home` int(11) NOT NULL,
  `banner_search` varchar(255) NOT NULL,
  `banner_product_category` varchar(255) NOT NULL,
  `cta_title` varchar(255) NOT NULL,
  `cta_content` text NOT NULL,
  `cta_read_more_text` varchar(255) NOT NULL,
  `cta_read_more_url` varchar(255) NOT NULL,
  `cta_photo` varchar(255) NOT NULL,
  `featured_product_title` text NOT NULL,
  `featured_product_subtitle` text NOT NULL,
  `latest_product_title` text NOT NULL,
  `latest_product_subtitle` text NOT NULL,
  `popular_product_title` text NOT NULL,
  `popular_product_subtitle` text NOT NULL,
  `before_head` text NOT NULL,
  `home_service_on_off` int(11) NOT NULL,
  `home_welcome_on_off` int(11) NOT NULL,
  `home_featured_product_on_off` int(11) NOT NULL,
  `home_latest_product_on_off` int(11) NOT NULL,
  `home_popular_product_on_off` int(11) NOT NULL
) ENGINE=InnoDB DEFAULT CHARSET=latin1 COLLATE=latin1_swedish_ci;

--
-- Dumping data for table `tbl_settings`
--

INSERT INTO `tbl_settings` (`id`, `logo`, `favicon`, `footer_about`, `footer_copyright`, `contact_address`, `contact_email`, `contact_phone`, `total_featured_product_home`, `total_latest_product_home`, `total_popular_product_home`, `banner_search`, `banner_product_category`, `cta_title`, `cta_content`, `cta_read_more_text`, `cta_read_more_url`, `cta_photo`, `featured_product_title`, `featured_product_subtitle`, `latest_product_title`, `latest_product_subtitle`, `popular_product_title`, `popular_product_subtitle`, `before_head`, `home_service_on_off`, `home_welcome_on_off`, `home_featured_product_on_off`, `home_latest_product_on_off`, `home_popular_product_on_off`) VALUES
(1, 'logo.png', 'favicon.png', '<p>Lorem ipsum dolor sit amet, omnis signiferumque in mei, mei ex enim concludaturque. Senserit salutandi euripidis no per, modus maiestatis scribentur est an. Ea suas pertinax has.</p>\r\n', 'Copyright © 2024 - LCA Marketplace - Developed By OCEO', '8, Billings way, Oregun, Lagos State, Nigeria', 'lca-rebuildsec', '+234-***-***-****', 5, 6, 8, 'banner_search.jpg', 'banner_product_category.jpg', 'Welcome To LCA MARKETPLACE', 'Mini retail marketplace for your construction materials', '', '', 'cta.jpg', 'All Products', 'Shopping in an excellent way!', 'Featured Products', 'Our Top Featured Products', 'Popular Products', 'Popular products from us', '', 1, 1, 1, 1, 1);

-- --------------------------------------------------------

--
-- Table structure for table `tbl_size`
--

CREATE TABLE `tbl_size` (
  `size_id` int(11) NOT NULL,
  `size_name` varchar(255) NOT NULL
) ENGINE=InnoDB DEFAULT CHARSET=latin1 COLLATE=latin1_swedish_ci;

--
-- Dumping data for table `tbl_size`
--

INSERT INTO `tbl_size` (`size_id`, `size_name`) VALUES
(1, 'XS'),
(2, 'S'),
(3, 'M'),
(4, 'L'),
(5, 'XL'),
(6, 'XXL'),
(7, '3XL'),
(8, '31'),
(9, '32'),
(10, '33'),
(11, '34'),
(12, '35'),
(13, '36'),
(14, '37'),
(15, '38'),
(16, '39'),
(17, '40'),
(18, '41'),
(19, '42'),
(20, '43'),
(21, '44'),
(22, '45'),
(23, '46'),
(24, '47'),
(25, '48');

-- --------------------------------------------------------

--
-- Table structure for table `tbl_slider`
--

CREATE TABLE `tbl_slider` (
  `id` int(11) NOT NULL,
  `photo` varchar(255) NOT NULL,
  `heading` varchar(255) NOT NULL,
  `position` varchar(255) NOT NULL
) ENGINE=InnoDB DEFAULT CHARSET=latin1 COLLATE=latin1_swedish_ci;

--
-- Dumping data for table `tbl_slider`
--

INSERT INTO `tbl_slider` (`id`, `photo`, `heading`, `position`) VALUES
(1, 'slider-1.png', 'Welcome to <br> CORNERSTONE <br> YARD SALE', 'Center'),
(2, 'slider-2.png', 'Explore Our <br> MARKETPLACE', 'Center'),
(3, 'slider-3.png', 'Browse, Negotiate and <br> Take Home', 'Center');

-- --------------------------------------------------------

--
-- Table structure for table `tbl_social`
--

CREATE TABLE `tbl_social` (
  `social_id` int(11) NOT NULL,
  `social_name` varchar(30) NOT NULL,
  `social_url` varchar(255) NOT NULL,
  `social_icon` varchar(30) NOT NULL
) ENGINE=InnoDB DEFAULT CHARSET=latin1 COLLATE=latin1_swedish_ci;

--
-- Dumping data for table `tbl_social`
--

INSERT INTO `tbl_social` (`social_id`, `social_name`, `social_url`, `social_icon`) VALUES
(1, 'Kingschat', 'https://kingsch.at/', 'fa fa-comments-o'),
(12, 'WhatsApp', 'https://www.whatsapp.com/#', 'fa fa-whatsapp');

--
-- Indexes for dumped tables
--

--
-- Indexes for table `tbl_color`
--
ALTER TABLE `tbl_color`
  ADD PRIMARY KEY (`color_id`);

--
-- Indexes for table `tbl_language`
--
ALTER TABLE `tbl_language`
  ADD PRIMARY KEY (`lang_id`);

--
-- Indexes for table `tbl_photo`
--
ALTER TABLE `tbl_photo`
  ADD PRIMARY KEY (`id`);

--
-- Indexes for table `tbl_product`
--
ALTER TABLE `tbl_product`
  ADD PRIMARY KEY (`p_id`);

--
-- Indexes for table `tbl_product_color`
--
ALTER TABLE `tbl_product_color`
  ADD PRIMARY KEY (`id`);

--
-- Indexes for table `tbl_product_photo`
--
ALTER TABLE `tbl_product_photo`
  ADD PRIMARY KEY (`pp_id`);

--
-- Indexes for table `tbl_product_size`
--
ALTER TABLE `tbl_product_size`
  ADD PRIMARY KEY (`id`);

--
-- Indexes for table `tbl_settings`
--
ALTER TABLE `tbl_settings`
  ADD PRIMARY KEY (`id`);

--
-- Indexes for table `tbl_size`
--
ALTER TABLE `tbl_size`
  ADD PRIMARY KEY (`size_id`);

--
-- Indexes for table `tbl_slider`
--
ALTER TABLE `tbl_slider`
  ADD PRIMARY KEY (`id`);

--
-- Indexes for table `tbl_social`
--
ALTER TABLE `tbl_social`
  ADD PRIMARY KEY (`social_id`);

--
-- AUTO_INCREMENT for dumped tables
--

--
-- AUTO_INCREMENT for table `tbl_color`
--
ALTER TABLE `tbl_color`
  MODIFY `color_id` int(11) NOT NULL AUTO_INCREMENT, AUTO_INCREMENT=30;

--
-- AUTO_INCREMENT for table `tbl_language`
--
ALTER TABLE `tbl_language`
  MODIFY `lang_id` int(11) NOT NULL AUTO_INCREMENT, AUTO_INCREMENT=166;

--
-- AUTO_INCREMENT for table `tbl_photo`
--
ALTER TABLE `tbl_photo`
  MODIFY `id` int(11) NOT NULL AUTO_INCREMENT, AUTO_INCREMENT=7;

--
-- AUTO_INCREMENT for table `tbl_product`
--
ALTER TABLE `tbl_product`
  MODIFY `p_id` int(11) NOT NULL AUTO_INCREMENT, AUTO_INCREMENT=127;

--
-- AUTO_INCREMENT for table `tbl_product_color`
--
ALTER TABLE `tbl_product_color`
  MODIFY `id` int(11) NOT NULL AUTO_INCREMENT, AUTO_INCREMENT=268;

--
-- AUTO_INCREMENT for table `tbl_product_photo`
--
ALTER TABLE `tbl_product_photo`
  MODIFY `pp_id` int(11) NOT NULL AUTO_INCREMENT, AUTO_INCREMENT=133;

--
-- AUTO_INCREMENT for table `tbl_product_size`
--
ALTER TABLE `tbl_product_size`
  MODIFY `id` int(11) NOT NULL AUTO_INCREMENT, AUTO_INCREMENT=448;

--
-- AUTO_INCREMENT for table `tbl_settings`
--
ALTER TABLE `tbl_settings`
  MODIFY `id` int(11) NOT NULL AUTO_INCREMENT, AUTO_INCREMENT=2;

--
-- AUTO_INCREMENT for table `tbl_size`
--
ALTER TABLE `tbl_size`
  MODIFY `size_id` int(11) NOT NULL AUTO_INCREMENT, AUTO_INCREMENT=48;

--
-- AUTO_INCREMENT for table `tbl_slider`
--
ALTER TABLE `tbl_slider`
  MODIFY `id` int(11) NOT NULL AUTO_INCREMENT, AUTO_INCREMENT=4;

--
-- AUTO_INCREMENT for table `tbl_social`
--
ALTER TABLE `tbl_social`
  MODIFY `social_id` int(11) NOT NULL AUTO_INCREMENT, AUTO_INCREMENT=17;
COMMIT;

/*!40101 SET CHARACTER_SET_CLIENT=@OLD_CHARACTER_SET_CLIENT */;
/*!40101 SET CHARACTER_SET_RESULTS=@OLD_CHARACTER_SET_RESULTS */;
/*!40101 SET COLLATION_CONNECTION=@OLD_COLLATION_CONNECTION */;
